Dougherty,Antwan,ADougherty556,PHI-FR
Knox,Patrick,PKnoxX539,ART-FR
Parrish,Shane,SParrish474,GER-SO
Kerr,Jerome,JKerrX130,JOU-FR
Foley,Adriel,AFoley752,AVI-JR
Wagner,Seamus,SWagner837,ELE-FR
Hobbs,Ashton,AHobbs844,URB-FR
Petty,Evie,EPetty205,PUB-SO
Myers,Leandro,LMyers183,COU-FR
Roberts,Julia,JRoberts830,LIB-FR
Brandt,Lukas,LBrandt112,MED-FR
Livingston,Alani,ALivingston006,URB-SO
Peterson,Jamiya,JPeterson639,MED-JR
Roy,Kirsten,KRoyXX825,MAN-FR
Copeland,Johnny,JCopeland583,INT-FR
Wong,Amirah,AWongX533,CRE-SO
Kline,Luciano,LKline201,CYB-SO
Joseph,Lance,LJoseph641,BIO-FR
Rangel,Paula,PRangel431,NEU-FR
Massey,Jamie,JMassey853,MUS-FR
Rubio,Karli,KRubio755,EXE-FR
Mcguire,Ellis,EMcguire534,CON-JR
Oliver,Madyson,MOliver668,SEC-FR
Fry,Serenity,SFryXX411,ELE-JR
Leon,Jaliyah,JLeonX981,GEO-SO
Guerrero,Parker,PGuerrero247,POL-FR
Kemp,Milagros,MKempX897,AVI-FR
Garza,Aniya,AGarza601,EDU-FR
Roberts,Zoe,ZRoberts528,THE-SO
Chan,Ryder,RChanX239,COM-FR
Norton,Antonio,ANorton172,MUS-FR
Kim,Jazlene,JKimXX224,COM-JR
Cox,America,ACoxXX781,AVI-FR
Rogers,Colby,CRogers208,SOC-FR
Conrad,Stella,SConrad746,BIO-SO
Mccullough,Micheal,MMccullough223,HEA-FR
Hardy,Kolby,KHardy119,MUS-JR
Tapia,Sophia,STapia838,CHE-FR
Jacobson,Addison,AJacobson891,CON-JR
Terrell,Aimee,ATerrell390,EME-FR
Cannon,Abagail,ACannon376,AVI-FR
Conrad,Donald,DConrad782,MAN-JR
Medina,Tiana,TMedina667,EDU-JR
Vasquez,Edwin,EVasquez466,SEC-SO
Mcclain,Sofia,SMcclain732,PUB-FR
Nash,Braylon,BNashX498,INF-FR
Buchanan,Chaya,CBuchanan425,FOR-FR
Juarez,Charlize,CJuarez304,REL-FR
Yu,Xzavier,XYuXXX036,GER-SO
Kent,Timothy,TKentX916,JOU-FR
Jones,Bailee,BJones121,BIO-FR
Hoover,Elizabeth,EHoover898,ENG-FR
Ramos,Jaida,JRamos123,AVI-FR
Livingston,Perla,PLivingston240,CON-FR
Simpson,Shayna,SSimpson529,EME-SO
Dawson,Jan,JDawson556,WRI-JR
Huffman,Aryana,AHuffman629,MUL-SO
Fernandez,Hillary,HFernandez684,WOM-JR
Barnes,Hillary,HBarnes360,COM-FR
Parks,Kayla,KParks990,ECO-FR
Murphy,Todd,TMurphy455,SCH-FR
Kelley,Melissa,MKelley398,ARC-FR
Gross,Abbigail,AGross563,ATH-SO
Benton,Alina,ABenton825,SPE-SO
Klein,Jadon,JKlein317,COM-SO
Love,Saul,SLoveX880,INF-SO
Galvan,Ingrid,IGalvan204,NEU-FR
Logan,Zachery,ZLogan143,KIN-FR
Singleton,Rubi,RSingleton219,SOC-SO
Esparza,Emiliano,EEsparza346,MAN-JR
Salazar,Sierra,SSalazar642,COU-FR
Blair,Ashlyn,ABlair906,ACC-FR
Barrera,Destiney,DBarrera582,COM-JR
Good,Armani,AGoodX042,BIO-FR
Mcneil,Maximus,MMcneil765,CRE-JR
Peters,Jalen,JPeters543,ATH-JR
Preston,Chana,CPreston732,INF-FR
Simmons,Asia,ASimmons665,MUS-FR
Mccarty,Ronan,RMccarty097,BIO-SO
Mitchell,Adrianna,AMitchell124,ARC-FR
Evans,Molly,MEvans887,HIS-FR
Mcclure,Lilah,LMcclure119,SCH-FR
Riddle,Lola,LRiddle430,PSY-JR
Novak,Khloe,KNovak114,SOC-JR
Harding,Elyse,EHarding535,LIT-FR
Clark,Aditya,AClark822,MAT-FR
Patterson,Alvin,APatterson967,EDU-FR
Benson,Deegan,DBenson951,FOR-FR
Mcbride,Aaron,AMcbride611,ENG-FR
West,Lilyana,LWestX516,ACC-SO
Liu,Connor,CLiuXX936,CRI-SO
Camacho,Asher,ACamacho735,POL-SO
Hancock,Myles,MHancock239,MAT-SO
Cook,Asher,ACookX286,GER-SO
Tanner,Cale,CTanner834,POL-SO
Hester,Trent,THester168,WRI-SO
Romero,Cristofer,CRomero870,BLA-SO
Caldwell,Maren,MCaldwell745,ACC-SO
Long,Matthew,MLongX733,CIV-FR
Booker,Remington,RBooker222,THE-JR
